name,type,style,cost,vibe,city
Matt's Bar,food,burgers,18,lively,Minneapolis
Pizza Luce,food,pizza,20,chill,Minneapolis
Cossetta,food,Italian,22,lively,St. Paul
Hmongtown Marketplace,food,Hmong food,15,lively,St. Paul
The Nook,food,burgers,18,chill,St. Paul
Surly Brewing,bar,brewery,25,lively,Minneapolis
The Gnome Craft Pub,bar,pub,25,chill,St. Paul
Can Can Wonderland,activity,mini golf and arcade,25,lively,St. Paul
Como Park Zoo and Conservatory,activity,zoo and gardens,10,chill,St. Paul
First Avenue,music,live music,35,lively,Minneapolis
Turf Club,music,live music,25,lively,St. Paul
Up-Down,night out,arcade and drinks,20,lively,Minneapolis
Pauly's Pub,bar,pub,20,lively,St. Paul
Groveland Tap,bar,burgers and beer,20,chill,St. Paul
Estelle,food,Spanish and Italian,35,fancy,St. Paul
Cafe Latte,food,cafe and bakery,18,chill,St. Paul
Grand Ole Creamery,food,ice cream,10,chill,St. Paul
Blue Door Pub,food,burgers and tater tots,20,lively,St. Paul
The Dubliner Pub,bar,Irish pub and live music,20,lively,St. Paul
White Squirrel Bar,bar,live music and drinks,20,lively,St. Paul
KJ's Hideaway,music,jazz and blues,20,chill,St. Paul
Amsterdam Bar and Hall,music,live music,30,lively,St. Paul
The Rabbit Hole,night out,Korean food and drinks,20,lively,Minneapolis
Last Call,night out,dancing and drinks,20,lively,Minneapolis
Green Room,music,live music,25,lively,Minneapolis
LITT Pinball Bar,night out,pinball and drinks,20,lively,Minneapolis
Bryant Lake Bowl,night out,bowling and food,25,lively,Minneapolis
Icehouse,music,live music and food,30,lively,Minneapolis
Walker Art Center,activity,art museum,20,chill,Minneapolis
Minnehaha Regional Park,activity,waterfall and trails,0,chill,Minneapolis
Pimento Jamaican Kitchen,food,Jamaican,22,lively,Minneapolis
Young Joni,food,pizza and Korean-inspired dishes,35,lively,Minneapolis
Owamni,food,Indigenous cuisine,55,fancy,Minneapolis
